image1.png,0
image2.png,0
image3.png,0
image4.png,0
image5.png,0
image6.png,0
image7.png,0
image8.png,0
image9.png,0
image10.png,0
image11.png,0
image12.png,0
image13.png,0
image14.png,0
image15.png,0
image16.png,0
image17.png,0
image18.png,0
image19.png,0
image20.png,0
image21.png,1
image22.png,1
image23.png,1
image24.png,1
image25.png,1
image26.png,1
image27.png,1
image28.png,2
image29.png,2
image30.png,2
image31.png,2
image32.png,2
image33.png,2
image34.png,2
image35.png,2
image36.png,2
image37.png,2
image38.png,2
image39.png,2
image40.png,2
image41.png,2
image42.png,2
image43.png,2
image44.png,2
image45.png,2
image46.png,2
image47.png,2
image48.png,1
image49.png,1
image50.png,1
image51.png,1
image52.png,1
image53.png,1
image54.png,1
image55.png,1
image56.png,1
image57.png,1
image58.png,0
image59.png,0
image60.png,0
image61.png,0
image62.png,0
image63.png,1
image64.png,1
image65.png,1
image66.png,1
image67.png,1
image68.png,2
image69.png,2
image70.png,2
image71.png,2
image72.png,2
image73.png,3
image74.png,3
image75.png,3
image76.png,3
image77.png,3
image78.png,2
image79.png,2
image80.png,2
image81.png,2
image82.png,2
image83.png,3
image84.png,3
image85.png,3
image86.png,3
image87.png,3
image88.png,1
image89.png,1
image90.png,1
image91.png,1
image92.png,1
image93.png,1
image94.png,1
image95.png,1
image96.png,1
image97.png,1
image98.png,1
image99.png,1
image100.png,1
image101.png,1
image102.png,1
image103.png,1
image104.png,1
image105.png,1
image106.png,1
image107.png,1
image108.png,1
image109.png,1
image110.png,1
image111.png,1
image112.png,1
image113.png,1
image114.png,1
image115.png,1
image116.png,1
image117.png,1
image118.png,3
image119.png,3
image120.png,3
image121.png,3
image122.png,3
image123.png,1
image124.png,1
image125.png,1
image126.png,1
image127.png,1
image128.png,3
image129.png,3
image130.png,4
image131.png,4
image132.png,4
image133.png,4
image134.png,4
image135.png,2
image136.png,2
image137.png,2
image138.png,2
image139.png,2
image140.png,1
image141.png,5
image142.png,5
image143.png,5
image144.png,5
image145.png,5
image146.png,5
image147.png,5
image148.png,5
image149.png,5
image150.png,5
image151.png,2
image152.png,2
image153.png,2
image154.png,2
image155.png,2
image156.png,2
image157.png,2
image158.png,2
image159.png,2
image160.png,2
image161.png,2
image162.png,2
image163.png,2
image164.png,2
image165.png,2
image166.png,2
image167.png,2
image168.png,2
image169.png,2
image170.png,2
image171.png,2
image172.png,2
image173.png,2
image174.png,2
image175.png,2
image176.png,2
image177.png,2
image178.png,2
image179.png,2
image180.png,2
image181.png,0
image182.png,0
image183.png,0
image184.png,0
image185.png,0
image186.png,0
image187.png,0
image188.png,0
image189.png,0
image190.png,0
image191.png,2
image192.png,2
image193.png,2
image194.png,2
image195.png,2
image196.png,0
image197.png,0
image198.png,0
image199.png,0
image200.png,0
image201.png,0
image202.png,0
image203.png,0
image204.png,0
image205.png,0
image206.png,0
image207.png,0
image208.png,0
image209.png,0
image210.png,0
image211.png,0
image212.png,0
image213.png,0
image214.png,0
image215.png,0
image216.png,0
image217.png,0
image218.png,0
image219.png,0
image220.png,0
image221.png,0
image222.png,0
image223.png,0
image224.png,0
image225.png,0
image226.png,0
image227.png,0
image228.png,0
image229.png,0
image230.png,0
image231.png,3
image232.png,3
image233.png,3
image234.png,3
image235.png,3
image236.png,1
image237.png,3
image238.png,1
image239.png,3
image240.png,1
image241.png,3
image242.png,3
image243.png,3
image244.png,3
image245.png,3
image246.png,2
image247.png,2
image248.png,4
image249.png,4
image250.png,4
image251.png,4
image252.png,4
image253.png,1
image254.png,1
image255.png,1
image256.png,1
image257.png,1
image258.png,1
image259.png,1
image260.png,1
image261.png,1
image262.png,1
image263.png,2
image264.png,0
image265.png,0
image266.png,0
image267.png,1
image268.png,1
image269.png,4
image270.png,4
image271.png,4
image272.png,4
image273.png,4
image274.png,0
image275.png,0
image276.png,0
image277.png,0
image278.png,0
image279.png,5
image280.png,5
image281.png,5
image282.png,5
image283.png,5
image284.png,5
image285.png,5
image286.png,5
image287.png,5
image288.png,5
image289.png,1
image290.png,1
image291.png,1
image292.png,2
image293.png,2
image294.png,2
image295.png,2
image296.png,2
image297.png,3
image298.png,3
image299.png,3
image300.png,3
image301.png,3
image302.png,3
image303.png,3
image304.png,3
image305.png,3
image306.png,3
image307.png,3
image308.png,3
image309.png,3
image310.png,3
image311.png,3
image312.png,3
image313.png,3
image314.png,3
image315.png,3
image316.png,3
image317.png,2
image318.png,2
image319.png,2
image320.png,2
image321.png,2
image322.png,1
image323.png,1
image324.png,1
image325.png,1
image326.png,1
image327.png,1
image328.png,1
image329.png,1
image330.png,1
image331.png,1
image332.png,3
image333.png,3
image334.png,3
image335.png,3
image336.png,3
image337.png,3
image338.png,3
image339.png,3
image340.png,3
image341.png,3
image342.png,1
image343.png,2
image344.png,2
image345.png,2
image346.png,2
image347.png,2
image348.png,2
image349.png,2
image350.png,2
image351.png,2
image352.png,2
image353.png,3
image354.png,3
image355.png,3
image356.png,3
image357.png,3
image358.png,0
image359.png,0
image360.png,0
image361.png,0
image362.png,0
image363.png,3
image364.png,3
image365.png,3
image366.png,3
image367.png,3
image368.png,5
image369.png,5
image370.png,5
image371.png,5
image372.png,5
image373.png,5
image374.png,5
image375.png,5
image376.png,5
image377.png,5
image378.png,5
image379.png,5
image380.png,5
image381.png,5
image382.png,5
image383.png,5
image384.png,5
image385.png,5
image386.png,5
image387.png,5
image388.png,5
image389.png,0
image390.png,0
image391.png,0
image392.png,0
image393.png,0
image394.png,0
image395.png,0
image396.png,0
image397.png,0
image398.png,0
image399.png,0
image400.png,0
image401.png,0
image402.png,0
image403.png,0
image404.png,0
image405.png,0
image406.png,0
image407.png,0
image408.png,0
image409.png,0
image410.png,0
image411.png,0
image412.png,0
image413.png,0
image414.png,0
image415.png,0
image416.png,0
image417.png,0
image418.png,0
image419.png,0
image420.png,0
image421.png,0
image422.png,0
image423.png,0
image424.png,0
image425.png,0
image426.png,0
image427.png,0
image428.png,0
image429.png,0
image430.png,0
image431.png,0
image432.png,0
image433.png,0
image434.png,0
image435.png,0
image436.png,0
image437.png,0
image438.png,0
image439.png,0
image440.png,0
image441.png,0
image442.png,0
image443.png,0
image444.png,0
image445.png,0
image446.png,0
image447.png,0
image448.png,0
image449.png,0
image450.png,0
image451.png,0
image452.png,0
image453.png,0
image454.png,0
image455.png,0
image456.png,0
image457.png,0
image458.png,0
image459.png,0
image460.png,0
image461.png,0
image462.png,0
image463.png,3
image464.png,3
image465.png,0
image466.png,3
image467.png,3
image468.png,3
image469.png,3
image470.png,3
image471.png,3
image472.png,3
image473.png,3
image474.png,3
image475.png,3
image476.png,3
image477.png,3
image478.png,3
image479.png,1
image480.png,1
image481.png,1
image482.png,0
image483.png,0
image484.png,0
image485.png,0
image486.png,0
image487.png,0
image488.png,0
image489.png,0
image490.png,0
image491.png,0
image492.png,0
image493.png,0
image494.png,0
image495.png,0
image496.png,0
image497.png,0
image498.png,0
image499.png,0
image500.png,0
image501.png,0
image502.png,0
image503.png,0
image504.png,0
image505.png,0
image506.png,0
image507.png,5
image508.png,5
image509.png,5
image510.png,5
image511.png,5
image512.png,5
image513.png,5
image514.png,5
image515.png,5
image516.png,5
image517.png,5
image518.png,5
image519.png,5
image520.png,5
image521.png,5
image522.png,5
image523.png,5
image524.png,5
image525.png,5
image526.png,5
image527.png,5
image528.png,5
image529.png,5
image530.png,5
image531.png,5
image532.png,5
image533.png,5
image534.png,5
image535.png,5
image536.png,5
image537.png,5
image538.png,5
image539.png,5
image540.png,5
image541.png,5
image542.png,5
image543.png,5
image544.png,5
image545.png,5
image546.png,5
image547.png,5
image548.png,5
image549.png,5
image550.png,5
image551.png,5
image552.png,5
image553.png,5
image554.png,5
image555.png,5
image556.png,5
image557.png,5
image558.png,5
image559.png,5
image560.png,5
image561.png,5
image562.png,5
image563.png,5
image564.png,5
image565.png,5
image566.png,5
image567.png,5
image568.png,5
image569.png,5
image570.png,5
image571.png,5
image572.png,5
image573.png,5
image574.png,2
image575.png,2
image576.png,2
image577.png,2
image578.png,2
image579.png,2
image580.png,2
image581.png,2
image582.png,2
image583.png,2
image584.png,2
image585.png,2
image586.png,2
image587.png,2
image588.png,2
image589.png,2
image590.png,2
image591.png,2
image592.png,2
image593.png,2
image594.png,2
image595.png,2
image596.png,2
image597.png,2
image598.png,2
image599.png,2
image600.png,2
image601.png,2
image602.png,2
image603.png,4
image604.png,4
image605.png,4
image606.png,2
image607.png,2
image608.png,2
image609.png,2
image610.png,2
image611.png,2
image612.png,2
image613.png,2
image614.png,2
image615.png,2
image616.png,2
image617.png,2
image618.png,2
image619.png,2
image620.png,2
image621.png,2
image622.png,2
image623.png,2
image624.png,2
image625.png,2
image626.png,4
image627.png,4
image628.png,4
image629.png,4
image630.png,2
image631.png,2
image632.png,2
image633.png,2
image634.png,2
image635.png,2
image636.png,2
image637.png,2
image638.png,2
image639.png,2
image640.png,2
image641.png,2
image642.png,2
image643.png,2
image644.png,2
image645.png,2
image646.png,2
image647.png,2
image648.png,2
image649.png,2
image650.png,2
image651.png,2
image652.png,2
image653.png,2
image654.png,2
image655.png,2
image656.png,3
image657.png,3
image658.png,3
image659.png,3
image660.png,3
image661.png,3
image662.png,3
image663.png,3
image664.png,3
image665.png,3
image666.png,3
image667.png,3
image668.png,3
image669.png,3
image670.png,3
image671.png,3
image672.png,3
image673.png,3
image674.png,3
image675.png,3
image676.png,3
image677.png,3
image678.png,3
image679.png,3
image680.png,3
image681.png,3
image682.png,3
image683.png,3
image684.png,3
image685.png,3
image686.png,3
image687.png,3
image688.png,3
image689.png,3
image690.png,3
image691.png,3
image692.png,3
image693.png,3
image694.png,3
image695.png,3
image696.png,3
image697.png,3
image698.png,3
image699.png,3
image700.png,3
image701.png,3
image702.png,3
image703.png,3
image704.png,3
image705.png,3
image706.png,3
image707.png,3
image708.png,3
image709.png,3
image710.png,3
image711.png,3
image712.png,3
image713.png,3
image714.png,3
image715.png,3
image716.png,3
image717.png,3
image718.png,3
image719.png,3
image720.png,3
image721.png,3
image722.png,3
image723.png,3
image724.png,3
image725.png,3
image726.png,3
image727.png,3
image728.png,3
image729.png,3
image730.png,3
image731.png,3
image732.png,3
image733.png,4
image734.png,4
image735.png,4
image736.png,4
image737.png,4
image738.png,4
image739.png,4
image740.png,4
image741.png,4
image742.png,4
image743.png,4
image744.png,4
image745.png,4
image746.png,4
image747.png,4
image748.png,1
image749.png,1
image750.png,1
image751.png,1
image752.png,1
image753.png,1
image754.png,1
image755.png,1
image756.png,1
image757.png,1
image758.png,1
image759.png,1
image760.png,1
image761.png,1
image762.png,1
image763.png,1
image764.png,1
image765.png,1
image766.png,1
image767.png,1
image768.png,1
image769.png,1
image770.png,1
image771.png,1
image772.png,1
image773.png,1
image774.png,1
image775.png,1
image776.png,1
image777.png,1
image778.png,1
image779.png,1
image780.png,4
image781.png,4
image782.png,4
image783.png,4
image784.png,4
image785.png,4
image786.png,4
image787.png,4
image788.png,4
image789.png,4
image790.png,4
image791.png,4
image792.png,4
image793.png,4
image794.png,4
image795.png,4
image796.png,4
image797.png,4
image798.png,4
image799.png,4
image800.png,4
image801.png,4
image802.png,4
image803.png,4
image804.png,4
image805.png,4
image806.png,4
image807.png,4
image808.png,4
image809.png,4
image810.png,4
image811.png,4
image812.png,4
image813.png,4
image814.png,4
image815.png,4
image816.png,4
image817.png,4
image818.png,4
image819.png,4
image820.png,4
image821.png,4
image822.png,4
image823.png,4
image824.png,4
image825.png,4
image826.png,4
image827.png,4
image828.png,4
image829.png,4
image830.png,4
image831.png,4
image832.png,4
image833.png,4
image834.png,4
image835.png,4
image836.png,4
image837.png,4
image838.png,4
image839.png,4
image840.png,4
image841.png,4
image842.png,4
image843.png,4
